id,name,website,website_active,osm_exists,score,verified,verification_reason
17,KFC,https://locations.kfc.com/oh/cuyahoga-falls/1792-state-road,True,True,5,True,"Website active, Found in OSM, Verification score high (>=5)"
18,McDonald's,https://www.mcdonalds.com/us/en-us/location/276.html,True,True,5,True,"Website active, Found in OSM, Verification score high (>=5)"
21,Cold Stone Creamery,https://www.coldstonecreamery.com/stores/21490,True,True,5,True,"Website active, Found in OSM, Verification score high (>=5)"
27,Pizza Hut,https://locations.pizzahut.com/oh/kent/4118-state-hwy-43,True,True,5,True,"Website active, Found in OSM, Verification score high (>=5)"
28,Subway,https://restaurants.subway.com/united-states/oh/kent/4068-sr-43,True,True,5,True,"Website active, Found in OSM, Verification score high (>=5)"
29,Chipotle,https://locations.chipotle.com/oh/streetsboro/9754-state-route-14,True,True,5,True,"Website active, Found in OSM, Verification score high (>=5)"
30,Sonic,https://locations.sonicdrivein.com/oh/streetsboro/9780-state-route-14.html,True,True,5,True,"Website active, Found in OSM, Verification score high (>=5)"
33,Subway,https://restaurants.subway.com/united-states/oh/cuyahoga-falls/1939-state-road,True,True,5,True,"Website active, Found in OSM, Verification score high (>=5)"
35,Subway,https://restaurants.subway.com/united-states/oh/cuyahoga-falls/2924-state-road,True,True,5,True,"Website active, Found in OSM, Verification score high (>=5)"
38,Chipotle,https://locations.chipotle.com/oh/akron/825-w-market-st,True,True,5,True,"Website active, Found in OSM, Verification score high (>=5)"
40,Irie Jamaican Kitchen,https://www.iriejakitchen.com/,True,True,5,True,"Website active, Found in OSM, Verification score high (>=5)"
41,Upper Crust,https://www.uppercrustoh.com/akron,True,True,5,True,"Website active, Found in OSM, Verification score high (>=5)"
13,DQ Grill & Chill,https://www.dairyqueen.com/locations/oh/kent/1443-s-water-st/14304,False,True,2,False,"Website inactive, Found in OSM, Low verification score"
56,Panera Bread,https://locations.panerabread.com/oh/hudson/118-w-streetsboro-street.html,True,True,5,True,"Website active, Found in OSM, Verification score high (>=5)"
169,Wendy's,https://locations.wendys.com/united-states/oh/alliance/1833-w-state-st,True,True,5,True,"Website active, Found in OSM, Verification score high (>=5)"
172,Burger King,https://www.bk.com/store-locator/store/restaurant_705,True,True,5,True,"Website active, Found in OSM, Verification score high (>=5)"
173,Subway,https://restaurants.subway.com/united-states/oh/stow/4301-kent-rd,True,True,5,True,"Website active, Found in OSM, Verification score high (>=5)"
174,Chipotle,https://locations.chipotle.com/oh/stow/4338-kent-rd,True,True,5,True,"Website active, Found in OSM, Verification score high (>=5)"
217,Subway,https://restaurants.subway.com/united-states/oh/akron/2068-e-market-st,True,True,5,True,"Website active, Found in OSM, Verification score high (>=5)"
23,First Row Centre for the Arts and Coffee Shop,http://www.firstrowcfa.com,False,True,2,False,"Website check failed, Found in OSM, Low verification score"
24,The Basement,NaN,False,True,2,False,"Found in OSM, Low verification score"
25,DQ Grill & Chill,https://www.dairyqueen.com/locations/oh/kent/4050-cascades-blvd-unit-a/14293,False,True,2,False,"Website inactive, Found in OSM, Low verification score"
26,La Terraza Mexican Bar & Grill,NaN,False,True,2,False,"Found in OSM, Low verification score"
221,New China,https://us.chinesemenu.com/m/101332176.htm,True,True,5,True,"Website active, Found in OSM, Verification score high (>=5)"
225,Einstein Bros. Bagels,https://locations.einsteinbros.com/us/oh/akron/1751-w-exchange-st,True,True,5,True,"Website active, Found in OSM, Verification score high (>=5)"
226,Altieri's Pizza,http://www.altierispizza.com/,True,True,5,True,"Website active, Found in OSM, Verification score high (>=5)"
227,Panda Garden,http://alliancepandagarden.com/,True,True,5,True,"Website active, Found in OSM, Verification score high (>=5)"
267,Great Garden,http://www.greatgarden1065.com/,True,True,5,True,"Website active, Found in OSM, Verification score high (>=5)"
268,Swensons,https://swensonsdriveins.com/,True,True,5,True,"Website active, Found in OSM, Verification score high (>=5)"
273,Starbucks,https://www.starbucks.com/store-locator/store/1008805/streetsboro-commons-9712-singletary-drive-streetsboro-oh-44241-us,True,True,5,True,"Website active, Found in OSM, Verification score high (>=5)"
57,Lulu's,NaN,False,True,2,False,"Found in OSM, Low verification score"
58,Chipotle,https://locations.chipotle.com/oh/hudson/5-atterbury-blvd,True,True,5,True,"Website active, Found in OSM, Verification score high (>=5)"
60,Slim Chickens,https://slimchickens.com/,False,True,2,False,"Website inactive, Found in OSM, Low verification score"
63,Wendy's,NaN,False,True,2,False,"Found in OSM, Low verification score"
61,Dunkin' Donuts,https://locations.dunkindonuts.com/en/oh/streetsboro/9168-state-route-14/338519,True,True,5,True,"Website active, Found in OSM, Verification score high (>=5)"
62,Baskin-Robbins,https://locations.baskinrobbins.com/oh/streetsboro/9168-state-route-14,True,True,5,True,"Website active, Found in OSM, Verification score high (>=5)"
64,El Campesino Mexican Restaurant,http://www.elcampesinostow.com,True,True,5,True,"Website active, Found in OSM, Verification score high (>=5)"
65,Taco Bell,https://locations.tacobell.com/oh/streetsboro/9223-st-rte-14.html,True,True,5,True,"Website active, Found in OSM, Verification score high (>=5)"
66,Pizza Hut,https://locations.pizzahut.com/oh/akron/2383-s-main-st,True,True,5,True,"Website active, Found in OSM, Verification score high (>=5)"
69,Waterloo Restaurant,https://waterloorestaurant.com/,True,True,5,True,"Website active, Found in OSM, Verification score high (>=5)"
72,The Fruit Stand,https://thefruitstandohio.com/,True,True,5,True,"Website active, Found in OSM, Verification score high (>=5)"
77,Beware of the Leopard,NaN,False,True,2,False,"Found in OSM, Low verification score"
78,Jimmy John's,https://locations.jimmyjohns.com/oh/kent/sandwiches-653.html,True,True,5,True,"Website active, Found in OSM, Verification score high (>=5)"
83,Insomnia Cookies,NaN,False,True,2,False,"Found in OSM, Low verification score"
79,Troy Grille,https://troygrille.com/,True,True,5,True,"Website active, Found in OSM, Verification score high (>=5)"
81,D.P. Dough,https://www.dpdough.com/,True,True,5,True,"Website active, Found in OSM, Verification score high (>=5)"
87,DA Guild Pizza,NaN,False,True,2,False,"Found in OSM, Low verification score"
88,The Upper Deck Bar & Grill,NaN,False,True,2,False,"Found in OSM, Low verification score"
82,Barrio,https://barrio-tacos.com/,True,True,5,True,"Website active, Found in OSM, Verification score high (>=5)"
86,Subway,https://restaurants.subway.com/united-states/oh/akron/3235-manchester-rd,True,True,5,True,"Website active, Found in OSM, Verification score high (>=5)"
89,Applebee's,https://restaurants.applebees.com/en-us/oh/alliance/2600-w.-state-st.-95062,True,True,5,True,"Website active, Found in OSM, Verification score high (>=5)"
92,Jimmy John's,https://locations.jimmyjohns.com/oh/akron/sandwiches-1122.html,True,True,5,True,"Website active, Found in OSM, Verification score high (>=5)"
100,Subway,https://restaurants.subway.com/united-states/oh/akron/10-n-main-st,True,True,5,True,"Website active, Found in OSM, Verification score high (>=5)"
97,Dante Boccuzzi Akron,NaN,False,True,2,False,"Found in OSM, Low verification score"
98,Luigi's,NaN,False,True,2,False,"Found in OSM, Low verification score"
99,Jilly's Music Room,NaN,False,True,2,False,"Found in OSM, Low verification score"
101,Einstein's Bagels,NaN,False,True,2,False,"Found in OSM, Low verification score"
275,Romeo's pizza,https://locations.romeospizza.com/tallmadge/,True,True,5,True,"Website active, Found in OSM, Verification score high (>=5)"
276,Subway,https://restaurants.subway.com/united-states/oh/tallmadge/35-erie-rd,True,True,5,True,"Website active, Found in OSM, Verification score high (>=5)"
281,Subway,https://restaurants.subway.com/united-states/oh/stow/3500-hudson-dr,True,True,5,True,"Website active, Found in OSM, Verification score high (>=5)"
282,Jimmy John's,https://locations.jimmyjohns.com/oh/stow/sandwiches-2082.html,True,True,5,True,"Website active, Found in OSM, Verification score high (>=5)"
121,Urban Eats Cafe,NaN,False,True,2,False,"Found in OSM, Low verification score"
122,Crave,NaN,False,True,2,False,"Found in OSM, Low verification score"
119,Dunkin',https://locations.dunkindonuts.com/en/oh/mantua/9250-limeridge-rd/363401,True,True,5,True,"Website active, Found in OSM, Verification score high (>=5)"
120,Dunkin',https://locations.dunkindonuts.com/en/oh/mantua/9270-limeridge-rd/363402,True,True,5,True,"Website active, Found in OSM, Verification score high (>=5)"
123,Baxter's Speakeasy,https://baxtersspeakeasy.com/,True,True,5,True,"Website active, Found in OSM, Verification score high (>=5)"
124,Chipotle,https://locations.chipotle.com/oh/kent/4050-cascades-blvd,True,True,5,True,"Website active, Found in OSM, Verification score high (>=5)"
132,Subway,https://restaurants.subway.com/united-states/oh/kent/1709-e-main-st,True,True,5,True,"Website active, Found in OSM, Verification score high (>=5)"
134,Domino's,https://pizza.dominos.com/ohio/kent/1413-s-water-street,True,True,5,True,"Website active, Found in OSM, Verification score high (>=5)"
139,Subway,https://restaurants.subway.com/united-states/oh/munroe-falls/14-south-main-street,True,True,5,True,"Website active, Found in OSM, Verification score high (>=5)"
141,Starbucks,https://www.starbucks.com/store-locator/store/8778/hudson-south-main-street-85-south-main-street-hudson-oh-442363073-us,True,True,5,True,"Website active, Found in OSM, Verification score high (>=5)"
147,Restore Cold Pressed,https://www.restorecoldpressed.com/,True,True,5,True,"Website active, Found in OSM, Verification score high (>=5)"
153,Pizza Hut,https://locations.pizzahut.com/oh/garrettsville/7999-state-street,True,True,5,True,"Website active, Found in OSM, Verification score high (>=5)"
157,Subway,https://restaurants.subway.com/united-states/oh/garrettsville/8094-main-st,True,True,5,True,"Website active, Found in OSM, Verification score high (>=5)"
160,Michael's AM,https://michaelsam.net/,True,True,5,True,"Website active, Found in OSM, Verification score high (>=5)"
140,Great Wall,NaN,False,True,2,False,"Found in OSM, Low verification score"
142,Awaken Bake Company,NaN,False,True,2,False,"Found in OSM, Low verification score"
143,Gionino's Pizzaria,NaN,False,True,2,False,"Found in OSM, Low verification score"
144,Noble House,NaN,False,True,2,False,"Found in OSM, Low verification score"
145,Hershey's Ice Cream,NaN,False,True,2,False,"Found in OSM, Low verification score"
146,"Peace, Love, and Little Donuts",NaN,False,True,2,False,"Found in OSM, Low verification score"
161,Subway,https://restaurants.subway.com/united-states/oh/stow/4968-darrow-rd,True,True,5,True,"Website active, Found in OSM, Verification score high (>=5)"
149,Steak 'n Shake,NaN,False,True,2,False,"Found in OSM, Low verification score"
150,Starbucks,NaN,False,True,2,False,"Found in OSM, Low verification score"
162,Starbucks,https://www.starbucks.com/store-locator/store/1007744/portage-trail-2071-portage-trail-space-1000-cuyahoga-falls-oh-44,True,True,5,True,"Website active, Found in OSM, Verification score high (>=5)"
166,Chipotle,https://locations.chipotle.com/oh/akron/272-e-exchange-st,True,True,5,True,"Website active, Found in OSM, Verification score high (>=5)"
163,Northside Speakeasy,https://www.northsidespeakeasy.com/,False,True,2,False,"Website inactive, Found in OSM, Low verification score"
164,Nervous Dog Coffee Bar,NaN,False,True,2,False,"Found in OSM, Low verification score"
168,Little Caesars,NaN,False,True,2,False,"Found in OSM, Low verification score"
176,Chipotle,https://locations.chipotle.com/oh/alliance/1630-w-state-st,True,True,5,True,"Website active, Found in OSM, Verification score high (>=5)"
178,Jimmy John's,https://locations.jimmyjohns.com/oh/alliance/sandwiches-761.html,True,True,5,True,"Website active, Found in OSM, Verification score high (>=5)"
180,Papa John's,https://locations.papajohns.com/united-states/oh/44601/alliance/1210-w-state-st,True,True,5,True,"Website active, Found in OSM, Verification score high (>=5)"
183,Chipotle,https://locations.chipotle.com/oh/cuyahoga-falls/371-howe-ave,True,True,5,True,"Website active, Found in OSM, Verification score high (>=5)"
184,Starbucks,https://www.starbucks.com/store-locator/store/6597/cuyahoga-falls-howe-street-371-howe-ave-cuyahoga-falls-oh-442214921-us,True,True,5,True,"Website active, Found in OSM, Verification score high (>=5)"
187,Coventry Diner,NaN,False,True,2,False,"Found in OSM, Low verification score"
185,Taco Bell,https://locations.tacobell.com/oh/cuyahoga-falls/360-howe-ave.html,True,True,5,True,"Website active, Found in OSM, Verification score high (>=5)"
186,Burger King,https://www.bk.com/store-locator/store/restaurant_3018,True,True,5,True,"Website active, Found in OSM, Verification score high (>=5)"
190,Starbucks,https://www.starbucks.com/store-locator/store/1010398/market-district-cuyahoga-falls-2687-state-rd-cuyahoga-falls-oh-44223-us,True,True,5,True,"Website active, Found in OSM, Verification score high (>=5)"
192,College Inn Restaurant,https://collegeinnalliance.com/,False,True,2,False,"Website inactive, Found in OSM, Low verification score"
194,Chill Artisan Ice Cream,NaN,False,True,2,False,"Found in OSM, Low verification score"
193,Starbucks,https://www.starbucks.com/store-locator/store/1015905/west-market-street-1971-west-market-st-akron-oh-443136910-us,True,True,5,True,"Website active, Found in OSM, Verification score high (>=5)"
195,High Street Hop House,https://www.hophouse.bar/,True,True,5,True,"Website active, Found in OSM, Verification score high (>=5)"
201,Starbucks,https://www.starbucks.com/store-locator/store/1015710/university-of-akron-library-315-buchtel-commons-rdh-akron-oh-443250002-us,True,True,5,True,"Website active, Found in OSM, Verification score high (>=5)"
203,Five Guys,https://restaurants.fiveguys.com/753-howe-ave,True,True,5,True,"Website active, Found in OSM, Verification score high (>=5)"
206,Qdoba,https://locations.qdoba.com/us/oh/akron/univ-of-akron-student-union.html,True,True,5,True,"Website active, Found in OSM, Verification score high (>=5)"
209,Burger King,https://www.bk.com/store-locator/store/restaurant_4457,True,True,5,True,"Website active, Found in OSM, Verification score high (>=5)"
214,Five Guys,https://restaurants.fiveguys.com/282-e-exchange-st,True,True,5,True,"Website active, Found in OSM, Verification score high (>=5)"
215,Taco Bell,https://locations.tacobell.com/oh/akron/1940-w--market-st.html,True,True,5,True,"Website active, Found in OSM, Verification score high (>=5)"
207,Panda Express,https://www.pandaexpress.com/locations/oh/akron/2643,False,True,2,False,"Website inactive, Found in OSM, Low verification score"
223,Marco's Pizza,NaN,False,True,2,False,"Found in OSM, Low verification score"
224,Papa Gryo's,NaN,False,True,2,False,"Found in OSM, Low verification score"
228,Chipotle,https://locations.chipotle.com/oh/akron/790-arlington-rdg,True,True,5,True,"Website active, Found in OSM, Verification score high (>=5)"
233,Starbucks,https://www.starbucks.com/store-locator/store/1013926/alliance-west-state-st-2495-w-state-street-alliance-oh-446015600-us,True,True,5,True,"Website active, Found in OSM, Verification score high (>=5)"
234,Subway,https://restaurants.subway.com/united-states/oh/alliance/2100-parkway-blvd,True,True,5,True,"Website active, Found in OSM, Verification score high (>=5)"
236,Hardee's,https://locations.hardees.com/oh/akron/2695-gilchrist-rd,True,True,5,True,"Website active, Found in OSM, Verification score high (>=5)"
239,Subway,https://restaurants.subway.com/united-states/oh/akron/2843-e-waterloo-rd,True,True,5,True,"Website active, Found in OSM, Verification score high (>=5)"
240,Papa John's,https://locations.papajohns.com/united-states/oh/44312/akron/2845-e-waterloo-rd,True,True,5,True,"Website active, Found in OSM, Verification score high (>=5)"
238,East of Chicago Pizza,NaN,False,True,2,False,"Found in OSM, Low verification score"
241,Johnny J's Pub & Grill,NaN,False,True,2,False,"Found in OSM, Low verification score"
245,Grinders,https://www.grinders.net,True,True,5,True,"Website active, Found in OSM, Verification score high (>=5)"
246,Starbucks,https://www.starbucks.com/store-locator/store/90026/stow-kent-plaza-4294-kent-road-stow-oh-442244470-us,True,True,5,True,"Website active, Found in OSM, Verification score high (>=5)"
247,Taqueria El Paso,https://www.facebook.com/TaqueriaElPasoAkron/,True,True,5,True,"Website active, Found in OSM, Verification score high (>=5)"
248,Ms. Julie's Kitchen,NaN,False,True,2,False,"Found in OSM, Low verification score"
249,House of Hunan,https://houseofhunan6.com/,True,True,5,True,"Website active, Found in OSM, Verification score high (>=5)"
251,Mama Rosa's,https://mamarosespizza.com/,True,True,5,True,"Website active, Found in OSM, Verification score high (>=5)"
254,McDonald's,https://www.mcdonalds.com/us/en-us/location/5493.html,True,True,5,True,"Website active, Found in OSM, Verification score high (>=5)"
261,Pizza Hut,https://locations.pizzahut.com/oh/akron/1694-w-market-st,True,True,5,True,"Website active, Found in OSM, Verification score high (>=5)"
263,Dunkin' Donuts,https://locations.dunkindonuts.com/en/oh/akron/1712-w-market-st/350211,True,True,5,True,"Website active, Found in OSM, Verification score high (>=5)"
264,Panera Bread,https://locations.panerabread.com/oh/cuyahoga-falls/689-howe-avenue.html,True,True,5,True,"Website active, Found in OSM, Verification score high (>=5)"
266,McDonald's,https://www.mcdonalds.com/us/en-us/location/10566.html,True,True,5,True,"Website active, Found in OSM, Verification score high (>=5)"
269,Gino's Pizza,NaN,False,True,2,False,"Found in OSM, Low verification score"
270,Portage Path Broaster and Mini Mart,NaN,False,True,2,False,"Found in OSM, Low verification score"
271,Little Caesars,NaN,False,True,2,False,"Found in OSM, Low verification score"
272,Edgar's Restaurant,NaN,False,True,2,False,"Found in OSM, Low verification score"
286,Valley Cafe,NaN,False,True,2,False,"Found in OSM, Low verification score"
285,Popeyes,https://www.popeyes.com/store-locator/store/restaurant_83727,True,True,5,True,"Website active, Found in OSM, Verification score high (>=5)"
289,Boba & Pearl,NaN,False,True,2,False,"Found in OSM, Low verification score"
287,Evelyn's Coffee & Banh Mi,http://evelynscoffee.com/,True,True,5,True,"Website active, Found in OSM, Verification score high (>=5)"
291,Pierre's Brooklyn Pizza and Deli,https://pierrespizzaanddeli.com/,False,True,2,False,"Website inactive, Found in OSM, Low verification score"
292,Subway,https://restaurants.subway.com/united-states/oh/akron/904-tallmadge-ave,False,True,2,False,"Website inactive, Found in OSM, Low verification score"
293,Crimson Cup,https://www.crimsoncup.com/assets/24x36-_2020_Tallmadge.pdf,False,True,2,False,"Website inactive, Found in OSM, Low verification score"
295,Paniniâ€™s Bar & Grill,NaN,False,True,2,False,"Found in OSM, Low verification score"
296,Nervous Dog Coffee Bar and Roaster,NaN,False,True,2,False,"Found in OSM, Low verification score"
297,Skyline Chili,https://skylinechili.com/,False,True,2,False,"Website inactive, Found in OSM, Low verification score"
298,Rockneâ€™s,NaN,False,True,2,False,"Found in OSM, Low verification score"
299,Mr. Bulky's Foods,NaN,False,True,2,False,"Found in OSM, Low verification score"
300,Agavero Mexican Restaurant,NaN,False,True,2,False,"Found in OSM, Low verification score"
294,Chipotle,https://locations.chipotle.com/oh/cuyahoga-falls/2042-portage-trl,True,True,5,True,"Website active, Found in OSM, Verification score high (>=5)"
301,Dunkin',https://locations.dunkindonuts.com/en/oh/stow/3027-graham-rd/353699,True,True,5,True,"Website active, Found in OSM, Verification score high (>=5)"
307,Missing Falls Brewery,NaN,False,True,2,False,"Found in OSM, Low verification score"
302,Jersey Mike's Subs,https://www.jerseymikes.com/2063/stow-oh,True,True,5,True,"Website active, Found in OSM, Verification score high (>=5)"
303,StowNut Donut & Diner,http://www.stownutdonut.com/,True,True,5,True,"Website active, Found in OSM, Verification score high (>=5)"
306,Subway,https://restaurants.subway.com/united-states/oh/stow/3022-graham-rd,True,True,5,True,"Website active, Found in OSM, Verification score high (>=5)"
308,Dunkin',https://locations.dunkindonuts.com/en/oh/akron/1286-shanafelt-ave/354710,True,True,5,True,"Website active, Found in OSM, Verification score high (>=5)"
309,Subway,https://restaurants.subway.com/united-states/oh/akron/1011-e-waterloo-rd,True,True,5,True,"Website active, Found in OSM, Verification score high (>=5)"
324,West Ave Tavern,https://www.westavetavern.com/,True,True,5,True,"Website active, Found in OSM, Verification score high (>=5)"
326,Panera Bread,https://locations.panerabread.com/oh/stow/4338-kent-road.html,True,True,5,True,"Website active, Found in OSM, Verification score high (>=5)"
328,Subway,https://restaurants.subway.com/united-states/oh/alliance/2491-w-state-st,True,True,5,True,"Website active, Found in OSM, Verification score high (>=5)"
319,Penn Station,NaN,False,True,2,False,"Found in OSM, Low verification score"
320,Moe's Southwest Grill,NaN,False,True,2,False,"Found in OSM, Low verification score"
325,No. 1 Chinese Kitchen,NaN,False,True,2,False,"Found in OSM, Low verification score"
330,Gionino's Pizzeria,https://www.gioninos.com/locations/oh-akron-1376-n-portage-path-44313,False,True,2,False,"Website check failed, Found in OSM, Low verification score"
333,Lock 15 Brewing Co,NaN,False,True,2,False,"Found in OSM, Low verification score"
338,South Point Tavern,NaN,False,True,2,False,"Found in OSM, Low verification score"
339,Niko's Sandwich Board,NaN,False,True,2,False,"Found in OSM, Low verification score"
329,Domino's,https://pizza.dominos.com/ohio/alliance/1939-west-state-st,True,True,5,True,"Website active, Found in OSM, Verification score high (>=5)"
344,Tip Top,NaN,False,True,2,False,"Found in OSM, Low verification score"
345,The Town Tavern,NaN,False,True,2,False,"Found in OSM, Low verification score"
346,Gionino's,NaN,False,True,2,False,"Found in OSM, Low verification score"
331,Papa John's,https://locations.papajohns.com/united-states/oh/44313/akron/1885-west-market-street,True,True,5,True,"Website active, Found in OSM, Verification score high (>=5)"
334,Breakfast at Tiffani's Cafe and Catering,https://www.facebook.com/people/Breakfast-at-Tiffanis-Cafe-and-Catering/100093853910872/,True,True,5,True,"Website active, Found in OSM, Verification score high (>=5)"
335,Taco Bell,https://locations.tacobell.com/oh/tallmadge/62-tallmadge-circle.html,True,True,5,True,"Website active, Found in OSM, Verification score high (>=5)"
336,Arby's,https://www.arbys.com/locations/us/oh/tallmadge/30-east-ave/store-5351/,True,True,5,True,"Website active, Found in OSM, Verification score high (>=5)"
355,D'Agnese's Trattoria and Cafe,NaN,False,True,2,False,"Found in OSM, Low verification score"
342,Starbucks,https://www.starbucks.com/store-locator/store/1024909/akron-east-market-drive-thru-1203-e-market-st-akron-oh-44305-us,True,True,5,True,"Website active, Found in OSM, Verification score high (>=5)"
347,Papa John's,https://locations.papajohns.com/united-states/oh/44685/uniontown/13038-cleveland-avenue-nw,True,True,5,True,"Website active, Found in OSM, Verification score high (>=5)"
359,Buffalo Wild Wings,NaN,False,True,2,False,"Found in OSM, Low verification score"
360,Rewind Virtual Cafe,NaN,False,True,2,False,"Found in OSM, Low verification score"
361,Italian Garden,NaN,False,True,2,False,"Found in OSM, Low verification score"
348,McDonald's,https://www.mcdonalds.com/us/en-us/location/8064.html,True,True,5,True,"Website active, Found in OSM, Verification score high (>=5)"
349,Hanini Subs,https://www.haninisubs.com/,True,True,5,True,"Website active, Found in OSM, Verification score high (>=5)"
354,Starbucks,https://www.starbucks.com/store-locator/store/10617/cuyahoga-falls-graham-hudso-1006-graham-road-cuyahoga-falls-oh-442242935-us,True,True,5,True,"Website active, Found in OSM, Verification score high (>=5)"
357,Firehouse,https://www.firehousetallmadge.com/,True,True,5,True,"Website active, Found in OSM, Verification score high (>=5)"
362,Burger King,https://www.bk.com/store-locator/store/restaurant_87515,True,True,5,True,"Website active, Found in OSM, Verification score high (>=5)"
363,Taco Bell,https://locations.tacobell.com/oh/kent/4098-maplecrest-parkway.html,True,True,5,True,"Website active, Found in OSM, Verification score high (>=5)"
364,Arby's,https://www.arbys.com/locations/us/oh/kent/165-tallmadge-road/store-8172/,True,True,5,True,"Website active, Found in OSM, Verification score high (>=5)"
369,Subway,https://restaurants.subway.com/united-states/oh/akron/1033-kenmore-blvd,True,True,5,True,"Website active, Found in OSM, Verification score high (>=5)"
373,Domino's,https://pizza.dominos.com/ohio/cuyahoga-falls/2110-state-rd,True,True,5,True,"Website active, Found in OSM, Verification score high (>=5)"
375,Compass Coffee,https://thewellakron.com/,True,True,5,True,"Website active, Found in OSM, Verification score high (>=5)"
390,Nepali Kitchen,https://nepalikitchen.weebly.com,True,True,5,True,"Website active, Found in OSM, Verification score high (>=5)"
396,Tim Hortons,NaN,False,True,2,False,"Found in OSM, Low verification score"
365,Pulp,NaN,False,True,2,False,"Found in OSM, Low verification score"
401,Mi Casa,https://www.micasa-akron.com,False,True,2,False,"Website inactive, Found in OSM, Low verification score"
391,Subway,https://restaurants.subway.com/united-states/oh/mogadore/35-n-cleveland-ave,True,True,5,True,"Website active, Found in OSM, Verification score high (>=5)"
395,Chipotle,https://locations.chipotle.com/oh/akron/1289-george-washington-blvd,True,True,5,True,"Website active, Found in OSM, Verification score high (>=5)"
404,Fiesta Pizza and Chicken,NaN,False,True,2,False,"Found in OSM, Low verification score"
405,"Tip""em Up Tavern",NaN,False,True,2,False,"Found in OSM, Low verification score"
397,Mr Hero,https://mrhero.com/,True,True,5,True,"Website active, Found in OSM, Verification score high (>=5)"
407,Dairy Queen,https://www.dairyqueen.com/locations/oh/akron/260-e-cuyahoga-falls-ave/14296,False,True,2,False,"Website inactive, Found in OSM, Low verification score"
398,Taco Bell,https://locations.tacobell.com/oh/akron/1467-s-arlington-rd.html,True,True,5,True,"Website active, Found in OSM, Verification score high (>=5)"
399,Hardee's,https://locations.hardees.com/oh/akron/1395-s-arlington-st,True,True,5,True,"Website active, Found in OSM, Verification score high (>=5)"
411,pizzaBOGO,NaN,False,True,2,False,"Found in OSM, Low verification score"
412,Peace Love & Little Donuts,NaN,False,True,2,False,"Found in OSM, Low verification score"
410,The Hartville Pantry,https://hartvillepantry.com,True,True,5,True,"Website active, Found in OSM, Verification score high (>=5)"
417,Fresh Planet,https://fresh-planet.com/,True,True,5,True,"Website active, Found in OSM, Verification score high (>=5)"
418,Jimmy John's,https://locations.jimmyjohns.com/oh/tallmadge/sandwiches-3043.html,True,True,5,True,"Website active, Found in OSM, Verification score high (>=5)"
421,Aura The Himalayan Kitchen,https://www.aurathekitchen.com/,True,True,5,True,"Website active, Found in OSM, Verification score high (>=5)"
427,Pizza Hut,https://locations.pizzahut.com/oh/tallmadge/535-south-ave,True,True,5,True,"Website active, Found in OSM, Verification score high (>=5)"
428,Wendy's,https://locations.wendys.com/united-states/oh/akron/275-e-market-st,True,True,5,True,"Website active, Found in OSM, Verification score high (>=5)"
432,Subway,https://restaurants.subway.com/united-states/oh/akron/1596-west-market-st,True,True,5,True,"Website active, Found in OSM, Verification score high (>=5)"
423,Gionino's Pizzeria,https://www.gioninos.com/locations/oh-tallmadge-676-eastwood-ave-44278,False,True,2,False,"Website check failed, Found in OSM, Low verification score"
435,Popeyes,https://www.popeyes.com/store-locator/store/restaurant_82776,True,True,5,True,"Website active, Found in OSM, Verification score high (>=5)"
425,Paleteria La Fresa,https://lafresaakron.com/,False,True,2,False,"Website check failed, Found in OSM, Low verification score"
436,Burger King,https://www.bk.com/store-locator/store/restaurant_212,True,True,5,True,"Website active, Found in OSM, Verification score high (>=5)"
451,Subway,https://restaurants.subway.com/united-states/oh/uniontown/4195-massillon-rd,True,True,5,True,"Website active, Found in OSM, Verification score high (>=5)"
453,Dunkin',https://locations.dunkindonuts.com/en/oh/uniontown/3651-massillon-rd/352608,True,True,5,True,"Website active, Found in OSM, Verification score high (>=5)"
454,Hunan King,http://www.hunankingonline.com/,True,True,5,True,"Website active, Found in OSM, Verification score high (>=5)"
433,Moe's Southwest Grill,NaN,False,True,2,False,"Found in OSM, Low verification score"
506,Pizza Hut,https://locations.pizzahut.com/oh/uniontown/1840-town-park-blvd,True,True,5,True,"Website active, Found in OSM, Verification score high (>=5)"
507,Jimmy John's,https://locations.jimmyjohns.com/oh/barberton/sandwiches-3724.html,True,True,5,True,"Website active, Found in OSM, Verification score high (>=5)"
508,Chipotle,https://locations.chipotle.com/oh/barberton/446-robinson-ave,True,True,5,True,"Website active, Found in OSM, Verification score high (>=5)"
439,BurgerFi,NaN,False,True,2,False,"Found in OSM, Low verification score"
512,Chick-fil-A,https://www.chick-fil-a.com/locations/oh/chapel-hill,True,True,5,True,"Website active, Found in OSM, Verification score high (>=5)"
513,Wendy's,https://locations.wendys.com/united-states/oh/cuyahoga-falls/460-howe-avenue,True,True,5,True,"Website active, Found in OSM, Verification score high (>=5)"
450,Marco's Pizza,NaN,False,True,2,False,"Found in OSM, Low verification score"
457,DQ Grill & Chill,https://www.dairyqueen.com/en-us/locations/oh/uniontown/1840-town-park-blvd-ste-r/14326/,False,True,2,False,"Website inactive, Found in OSM, Low verification score"
461,East of Chicago Pizza,NaN,False,True,2,False,"Found in OSM, Low verification score"
462,Strickland's,NaN,False,True,2,False,"Found in OSM, Low verification score"
463,Subway,https://restaurants.subway.com/united-states/oh/akron/3421-s-arlington-rd,True,True,5,True,"Website active, Found in OSM, Verification score high (>=5)"
466,Subway,https://restaurants.subway.com/united-states/oh/akron/1607-s-hawkins-ave,True,True,5,True,"Website active, Found in OSM, Verification score high (>=5)"
467,Domino's,https://pizza.dominos.com/ohio/akron/1324-vernon-odom-blvd,True,True,5,True,"Website active, Found in OSM, Verification score high (>=5)"
491,Dilly's Drive In,https://www.doubledilly.com/,True,True,5,True,"Website active, Found in OSM, Verification score high (>=5)"
492,Grabham's Candies,https://www.grabhamscandies.com/,True,True,5,True,"Website active, Found in OSM, Verification score high (>=5)"
493,Pav's Creamery,https://www.pavscreamery.com/,True,True,5,True,"Website active, Found in OSM, Verification score high (>=5)"
495,35Â° Brix,http://www.35brix.com/,True,True,5,True,"Website active, Found in OSM, Verification score high (>=5)"
496,Antonio's Pizzeria,https://www.antoniospizza.net/,True,True,5,True,"Website active, Found in OSM, Verification score high (>=5)"
499,Starbucks,https://www.starbucks.com/store-locator/store/1008863/green-heritage-crossing-3875-massillon-road-green-oh-446857839-us,True,True,5,True,"Website active, Found in OSM, Verification score high (>=5)"
500,Jimmy John's,https://locations.jimmyjohns.com/oh/uniontown/sandwiches-2636.html,True,True,5,True,"Website active, Found in OSM, Verification score high (>=5)"
501,Beyond Juciery and Eatery,https://beyondjuiceryeatery.com/,True,True,5,True,"Website active, Found in OSM, Verification score high (>=5)"
502,Brubaker's Pub,https://brubakerspub.com/,True,True,5,True,"Website active, Found in OSM, Verification score high (>=5)"
503,Papa Gyro's,https://www.papagyros.com/,True,True,5,True,"Website active, Found in OSM, Verification score high (>=5)"
504,Nectar Smoothie Cafe,http://nectarsmoothiecafe.com/,True,True,5,True,"Website active, Found in OSM, Verification score high (>=5)"
505,Hungry Howie's,https://www.hungryhowies.com/store/hungry-howies-00873,True,True,5,True,"Website active, Found in OSM, Verification score high (>=5)"
481,Village Gardens,NaN,False,True,2,False,"Found in OSM, Low verification score"
494,Sunrise Social,NaN,False,True,2,False,"Found in OSM, Low verification score"
497,Kasai Japanese Restaurant,http://eatatkasaioh.com/,False,True,2,False,"Website inactive, Found in OSM, Low verification score"
498,Hot Head Burritos,https://hotheadburritos.com/green-oh,False,True,2,False,"Website inactive, Found in OSM, Low verification score"
509,A Plus Crab,NaN,False,True,2,False,"Found in OSM, Low verification score"
510,Giovanni's Pizza,NaN,False,True,2,False,"Found in OSM, Low verification score"
511,Royal Buffet & Grill,NaN,False,True,2,False,"Found in OSM, Low verification score"
516,Bob Evans,NaN,False,True,2,False,"Found in OSM, Low verification score"
517,Brick House Tavern + Tap,NaN,False,True,2,False,"Found in OSM, Low verification score"
518,7 Brew Coffee,NaN,False,True,2,False,"Found in OSM, Low verification score"
519,LongHorn Steakhouse,NaN,False,True,2,False,"Found in OSM, Low verification score"
520,O'Charley's,NaN,False,True,2,False,"Found in OSM, Low verification score"
523,The Beanhead Brothers,NaN,False,True,2,False,"Found in OSM, Low verification score"
514,McDonald's,https://www.mcdonalds.com/us/en-us/location/11090.html,True,True,5,True,"Website active, Found in OSM, Verification score high (>=5)"
515,Denny's,https://locations.dennys.com/OH/AKRON/9214,True,True,5,True,"Website active, Found in OSM, Verification score high (>=5)"
527,Bell Tower Brewing Co.,https://belltowerbrewing.com/,False,True,2,False,"Website inactive, Found in OSM, Low verification score"
521,Steak 'n Shake,https://www.steaknshake.com/locations/oh-akron-home-avenue/,True,True,5,True,"Website active, Found in OSM, Verification score high (>=5)"
522,Taco Bell,https://locations.tacobell.com/oh/akron/2419-romig-road.html,True,True,5,True,"Website active, Found in OSM, Verification score high (>=5)"
532,Vincents Bakery,NaN,False,True,2,False,"Found in OSM, Low verification score"
526,Starbucks,https://www.starbucks.com/store-locator/store/1023516/kent-east-main-st-and-luther-1005-e-main-street-kent-oh-442402815-us,True,True,5,True,"Website active, Found in OSM, Verification score high (>=5)"
530,Yada Yada Coffee,https://www.yadayadacoffee.com,True,True,5,True,"Website active, Found in OSM, Verification score high (>=5)"
531,The Spotted Owl,https://spottedowlbar.com/akron,True,True,5,True,"Website active, Found in OSM, Verification score high (>=5)"
538,Nothing Bundt Cakes,NaN,False,True,2,False,"Found in OSM, Low verification score"
541,The Boathouse Cafe,https://boathousecafeakron.com/,False,True,2,False,"Website inactive, Found in OSM, Low verification score"
542,Uncle Tito's Mexican Grill,https://uncletitosmexicangrill.com/,False,True,2,False,"Website inactive, Found in OSM, Low verification score"
543,Wing Warehouse Sports Bar,https://www.wingwarehouse.com/,False,True,2,False,"Website inactive, Found in OSM, Low verification score"
544,Iron Grill,https://irongrillakron.com/,False,True,2,False,"Website inactive, Found in OSM, Low verification score"
547,The Bistro of Green,NaN,False,True,2,False,"Found in OSM, Low verification score"
550,Gionino's Pizzeria,http://www.gioninos.com/,False,True,2,False,"Website check failed, Found in OSM, Low verification score"
552,Gionino's Pizzeria,https://www.gioninos.com/locations/oh-akron-1250-e-tallmadge-ave-44310,False,True,2,False,"Website check failed, Found in OSM, Low verification score"
534,Starbucks,https://www.starbucks.com/store-locator/store/10333/university-of-akron-polsky-bui-225-south-main-street-akron-oh-443250035-us,True,True,5,True,"Website active, Found in OSM, Verification score high (>=5)"
554,Federales,NaN,False,True,2,False,"Found in OSM, Low verification score"
558,Southern Comfort Kitchen Ohio,http://www.sococreolegmail.com/,False,True,2,False,"Website inactive, Found in OSM, Low verification score"
559,The Matinee,NaN,False,True,2,False,"Found in OSM, Low verification score"
562,HA!TEA Bubble Tea House,NaN,False,True,2,False,"Found in OSM, Low verification score"
537,Chameleon Cafe,https://www.chameleoncafeakron.com/,True,True,5,True,"Website active, Found in OSM, Verification score high (>=5)"
539,Latino Bar & Grill,https://latinobarandgrill.com/,True,True,5,True,"Website active, Found in OSM, Verification score high (>=5)"
575,RJ's Sports Pub and Grill,https://rjs-sports-pub-grill.edan.io/,False,True,2,False,"Website inactive, Found in OSM, Low verification score"
540,Jersey Mike's Subs,https://www.jerseymikes.com/2095/uniontown-oh,True,True,5,True,"Website active, Found in OSM, Verification score high (>=5)"
545,Taco Bell,https://locations.tacobell.com/oh/uniontown/3532-massillon-road.html,True,True,5,True,"Website active, Found in OSM, Verification score high (>=5)"
546,The Human Bean,https://thehumanbean.com/location/the-human-bean-3532-massillon-road-uniontown-oh/,True,True,5,True,"Website active, Found in OSM, Verification score high (>=5)"
548,sweetFrog,https://www.sweetfrog.com/stores/frozen-yogurt-cleancity/35265,True,True,5,True,"Website active, Found in OSM, Verification score high (>=5)"
549,Subway,https://restaurants.subway.com/united-states/oh/uniontown/3471-massillon-rd,True,True,5,True,"Website active, Found in OSM, Verification score high (>=5)"
551,Starbucks,https://www.starbucks.com/store-locator/store/1006895/market-district-uniontown-1620-1700-corporate-woods-pkwy-uniontown-oh-44685-us,True,True,5,True,"Website active, Found in OSM, Verification score high (>=5)"
555,Aladdin's Eatery,https://aladdins.com/,True,True,5,True,"Website active, Found in OSM, Verification score high (>=5)"
556,Annabell's,https://m.facebook.com/annabellsakron/,True,True,5,True,"Website active, Found in OSM, Verification score high (>=5)"
557,Platinum Dragon,https://www.platinumdragonakron.com/,True,True,5,True,"Website active, Found in OSM, Verification score high (>=5)"
560,Hibachi Xpress Highland Square,https://highlandsq.orderhibachixpressgrill.com/,True,True,5,True,"Website active, Found in OSM, Verification score high (>=5)"
561,Barmacy,https://www.facebook.com/BarmacyBarAndGrill/,True,True,5,True,"Website active, Found in OSM, Verification score high (>=5)"
572,Franklin Square Deli,http://www.franklinsquaredeli.com/,True,True,5,True,"Website active, Found in OSM, Verification score high (>=5)"
573,EuroGyro,https://eurogyro.com/,True,True,5,True,"Website active, Found in OSM, Verification score high (>=5)"
574,Whitehouse Chicken,http://www.whitehousechicken.com/,True,True,5,True,"Website active, Found in OSM, Verification score high (>=5)"
592,Pulp Juice and Smoothie Bar,NaN,False,True,2,False,"Found in OSM, Low verification score"
593,Jimmy John's,NaN,False,True,2,False,"Found in OSM, Low verification score"
594,Mr. Hero,NaN,False,True,2,False,"Found in OSM, Low verification score"
590,Subway,https://restaurants.subway.com/united-states/oh/uniontown/13030-cleveland-ave-nw,True,True,5,True,"Website active, Found in OSM, Verification score high (>=5)"
591,Shogun Japanese Steakhouse,https://www.shogunakron.com/,True,True,5,True,"Website active, Found in OSM, Verification score high (>=5)"
598,Freddy's,http://www.freddys.com,True,True,5,True,"Website active, Found in OSM, Verification score high (>=5)"
600,Bean and the Baker,https://www.beanandthebaker.com/,True,True,5,True,"Website active, Found in OSM, Verification score high (>=5)"
601,Five Guys,https://restaurants.fiveguys.com/790-arlington-ridge,True,True,5,True,"Website active, Found in OSM, Verification score high (>=5)"
609,BLU Plate,NaN,False,True,2,False,"Found in OSM, Low verification score"
620,Asterisk Coffee,NaN,False,True,2,False,"Found in OSM, Low verification score"
625,Pulp,NaN,False,True,2,False,"Found in OSM, Low verification score"
628,Panda Express,https://www.pandaexpress.com/locations/oh/kent/3223,False,True,2,False,"Website inactive, Found in OSM, Low verification score"
605,Bangkok Thai Restaurant,https://www.bangkokthaistow.com/,True,True,5,True,"Website active, Found in OSM, Verification score high (>=5)"
606,Grazers,https://www.grazerskent.com/,True,True,5,True,"Website active, Found in OSM, Verification score high (>=5)"
607,Bar Lucci,https://www.barluccikent.com/,True,True,5,True,"Website active, Found in OSM, Verification score high (>=5)"
608,Pacific East,https://www.pacificeastkent.com/,True,True,5,True,"Website active, Found in OSM, Verification score high (>=5)"
638,New Peking Buffet,NaN,False,True,2,False,"Found in OSM, Low verification score"
641,KFC,https://www.kfc.com/,False,True,2,False,"Website check failed, Found in OSM, Low verification score"
642,China Chef,https://chinachefstreetsboro.com/,False,True,2,False,"Website check failed, Found in OSM, Low verification score"
644,Panda Express,http://pandaexpress.com,False,True,2,False,"Website inactive, Found in OSM, Low verification score"
650,Mikado,https://www.mikadohibachisushi.com/,False,True,2,False,"Website check failed, Found in OSM, Low verification score"
611,Totally Baked Pizza,https://totallybakedpizza.net/,True,True,5,True,"Website active, Found in OSM, Verification score high (>=5)"
612,Dunkin Donuts,https://locations.dunkindonuts.com/en/oh/akron/2081-e-market-st/355148,True,True,5,True,"Website active, Found in OSM, Verification score high (>=5)"
661,Cocktails Akron,NaN,False,True,2,False,"Found in OSM, Low verification score"
670,Bob's hamburg,NaN,False,True,2,False,"Found in OSM, Low verification score"
671,Dairy Queen,NaN,False,True,2,False,"Found in OSM, Low verification score"
674,Penn Station East Coast Subs,NaN,False,True,2,False,"Found in OSM, Low verification score"
675,Umami Noodle,NaN,False,True,2,False,"Found in OSM, Low verification score"
678,B & K Root Beer Drive in,NaN,False,True,2,False,"Found in OSM, Low verification score"
680,Cramer's Place,NaN,False,True,2,False,"Found in OSM, Low verification score"
681,Decheco's Pizzeria,https://dechecospizzeria.com/,False,True,2,False,"Website inactive, Found in OSM, Low verification score"
682,SRINA Tea House & Cafe,NaN,False,True,2,False,"Found in OSM, Low verification score"
686,La Fresca Express,NaN,False,True,2,False,"Found in OSM, Low verification score"
692,Cafe 388,NaN,False,True,2,False,"Found in OSM, Low verification score"
695,Jamaican Jerk Center,NaN,False,True,2,False,"Found in OSM, Low verification score"
697,TOKO SUSHI HIBACHI & BBQ,NaN,False,True,2,False,"Found in OSM, Low verification score"
621,Pav's Creamery,https://www.pavscreamery.com/,True,True,5,True,"Website active, Found in OSM, Verification score high (>=5)"
622,Grandpa Joe's Candy Shop,http://www.grandpajoes.com/,True,True,5,True,"Website active, Found in OSM, Verification score high (>=5)"
623,Ryes and Shine,https://www.ryesnshinefalls.com/,True,True,5,True,"Website active, Found in OSM, Verification score high (>=5)"
624,Dunkin',https://locations.dunkindonuts.com/en/oh/cuyahoga-falls/310-tallmadge-rd/342449,True,True,5,True,"Website active, Found in OSM, Verification score high (>=5)"
626,Starbucks,https://www.starbucks.com/store-locator/store/1027457/tallmadge-rd-cascades-blvd-4094-maplecrest-pkwy-kent-oh-442407236-us,True,True,5,True,"Website active, Found in OSM, Verification score high (>=5)"
627,Jersey Mike's Subs,https://www.jerseymikes.com/menu,True,True,5,True,"Website active, Found in OSM, Verification score high (>=5)"
629,Panera Bread,https://locations.panerabread.com/oh/kent/4031-cascades-blvd.html,True,True,5,True,"Website active, Found in OSM, Verification score high (>=5)"
630,Applebee's,https://restaurants.applebees.com/en-us/oh/kent/220-tallmadge-road-75028,True,True,5,True,"Website active, Found in OSM, Verification score high (>=5)"
639,Arby's,https://www.arbys.com/,True,True,5,True,"Website active, Found in OSM, Verification score high (>=5)"
640,Little Caesars Pizza,https://littlecaesars.com/,True,True,5,True,"Website active, Found in OSM, Verification score high (>=5)"
643,Raising Cane's,https://raisingcanes.com/,True,True,5,True,"Website active, Found in OSM, Verification score high (>=5)"
645,Wild Eagle Steak & Saloon,https://www.wildeagle.com/,True,True,5,True,"Website active, Found in OSM, Verification score high (>=5)"
646,Popeyes,https://popeyes.com/,True,True,5,True,"Website active, Found in OSM, Verification score high (>=5)"
647,Mr. Hero,https://mrhero.com/,True,True,5,True,"Website active, Found in OSM, Verification score high (>=5)"
648,Blasiole's Pizza,http://blasioleseatery.com,True,True,5,True,"Website active, Found in OSM, Verification score high (>=5)"
649,Maki House,https://www.ordermakihouse.com/,True,True,5,True,"Website active, Found in OSM, Verification score high (>=5)"
662,Wholly Frijoles,https://eatwhollyfrijoles.com/,True,True,5,True,"Website active, Found in OSM, Verification score high (>=5)"
669,Chipotle,https://locations.chipotle.com/oh/akron/454-e-waterloo-rd,True,True,5,True,"Website active, Found in OSM, Verification score high (>=5)"
676,Jubilee Donuts,http://jubileedonuts.com,True,True,5,True,"Website active, Found in OSM, Verification score high (>=5)"
677,Basement Sports Bar & Grill,https://thebasementbars.com/,True,True,5,True,"Website active, Found in OSM, Verification score high (>=5)"
679,Marco's Pizza,http://marcos.com,True,True,5,True,"Website active, Found in OSM, Verification score high (>=5)"
683,The Green Dragon Inn,https://greendragoninn.com/,True,True,5,True,"Website active, Found in OSM, Verification score high (>=5)"
684,The Golden Burrito,https://thegoldenburritooh.com/,True,True,5,True,"Website active, Found in OSM, Verification score high (>=5)"
685,Mr. Hero,https://mrhero.com/,True,True,5,True,"Website active, Found in OSM, Verification score high (>=5)"
687,Lyla's Family Restaurant,https://lylasfamilyrestaurant.com/,True,True,5,True,"Website active, Found in OSM, Verification score high (>=5)"
696,Whimsical Whiskers CatFae & Rescue,https://whimwhiskerscatfae.com/,True,True,5,True,"Website active, Found in OSM, Verification score high (>=5)"
1,Ken Stewart's,NaN,False,True,2,False,"Found in OSM, Low verification score"
2,Larry's Main Entrance,NaN,False,True,2,False,"Found in OSM, Low verification score"
3,da Bayou,NaN,False,True,2,False,"Found in OSM, Low verification score"
4,Vine Valley Mediterranean Cuisine,NaN,False,True,2,False,"Found in OSM, Low verification score"
5,Brubaker's,NaN,False,True,2,False,"Found in OSM, Low verification score"
6,Bourbon Street,NaN,False,True,2,False,"Found in OSM, Low verification score"
7,Johnny J's Pub & Grille,NaN,False,True,2,False,"Found in OSM, Low verification score"
8,Big Fish,NaN,False,True,2,False,"Found in OSM, Low verification score"
9,The Dorm,NaN,False,True,2,False,"Found in OSM, Low verification score"
10,Saffron Patch,NaN,False,True,2,False,"Found in OSM, Low verification score"
11,The Noisy Oyster,NaN,False,True,2,False,"Found in OSM, Low verification score"
12,The Getaway Pub,NaN,False,True,2,False,"Found in OSM, Low verification score"
14,Jubilee Donuts,NaN,False,True,2,False,"Found in OSM, Low verification score"
15,El Meson,NaN,False,True,2,False,"Found in OSM, Low verification score"
16,Mandarin House,NaN,False,True,2,False,"Found in OSM, Low verification score"
19,Alladin's Eatery,NaN,False,True,2,False,"Found in OSM, Low verification score"
20,Tomato Grill,NaN,False,True,2,False,"Found in OSM, Low verification score"
22,Comida Mexican Restaurant,NaN,False,True,2,False,"Found in OSM, Low verification score"
31,Chiban,NaN,False,True,2,False,"Found in OSM, Low verification score"
32,Arthur Treacher's Fish and Chips,NaN,False,True,2,False,"Found in OSM, Low verification score"
34,Chowder House,NaN,False,True,2,False,"Found in OSM, Low verification score"
36,Barley House,NaN,False,True,2,False,"Found in OSM, Low verification score"
37,Wildcat Cafe,NaN,False,True,2,False,"Found in OSM, Low verification score"
39,Wally Waffle,NaN,False,True,2,False,"Found in OSM, Low verification score"
42,The Porch,https://www.kent.edu/dining/student-center-lower-level,False,True,2,False,"Website inactive, Found in OSM, Low verification score"
43,Jazzman's Cyber Cafe,https://www.kent.edu/dining/student-center-lower-level,False,True,2,False,"Website inactive, Found in OSM, Low verification score"
44,The Tandoori Oven,https://www.kent.edu/dining/kent-markets,False,True,2,False,"Website inactive, Found in OSM, Low verification score"
45,Fresh Inspirations,https://www.kent.edu/dining/kent-markets,False,True,2,False,"Website inactive, Found in OSM, Low verification score"
46,Olives,https://www.kent.edu/dining/kent-markets,False,True,2,False,"Website inactive, Found in OSM, Low verification score"
47,Market Grill,https://www.kent.edu/dining/kent-markets,False,True,2,False,"Website inactive, Found in OSM, Low verification score"
49,Penn Station,NaN,False,True,2,False,"Found in OSM, Low verification score"
50,Bruno's Authentic Pizza,NaN,False,True,2,False,"Found in OSM, Low verification score"
51,Summit Street Cafe,https://www.kent.edu/dining/summit-street-cafe-1,False,True,2,False,"Website inactive, Found in OSM, Low verification score"
52,snackshop,NaN,False,True,2,False,"Found in OSM, Low verification score"
53,Flipside,NaN,False,True,2,False,"Found in OSM, Low verification score"
54,One Red Door,NaN,False,True,2,False,"Found in OSM, Low verification score"
55,Swensons,NaN,False,True,2,False,"Found in OSM, Low verification score"
118,Wendy's,NaN,False,True,2,False,"Found in OSM, Low verification score"
67,kevin o'briens,NaN,False,True,2,False,"Found in OSM, Low verification score"
68,Stadium Pub,NaN,False,True,2,False,"Found in OSM, Low verification score"
70,Bruegger's Bagels,NaN,False,True,2,False,"Found in OSM, Low verification score"
71,Tree City Coffee,NaN,False,True,2,False,"Found in OSM, Low verification score"
73,Bricco,NaN,False,True,2,False,"Found in OSM, Low verification score"
74,Barflyy,NaN,False,True,2,False,"Found in OSM, Low verification score"
75,Fresco,NaN,False,True,2,False,"Found in OSM, Low verification score"
76,Buffalo Wild Wings,NaN,False,True,2,False,"Found in OSM, Low verification score"
80,Georgio's,NaN,False,True,2,False,"Found in OSM, Low verification score"
85,101 Bottles of Beer on the Wall,NaN,False,True,2,False,"Found in OSM, Low verification score"
90,Burrito-Del-Rey,https://www.kent.edu/dining/prentice-hall,False,True,2,False,"Website inactive, Found in OSM, Low verification score"
91,Buffalo Wild Wings,NaN,False,True,2,False,"Found in OSM, Low verification score"
93,Pad Thai,NaN,False,True,2,False,"Found in OSM, Low verification score"
94,The Bakery at Hattie's Cafe,NaN,False,True,2,False,"Found in OSM, Low verification score"
95,The Lockview,NaN,False,True,2,False,"Found in OSM, Low verification score"
96,Baxter's,NaN,False,True,2,False,"Found in OSM, Low verification score"
102,D.P. Dough Akron,NaN,False,True,2,False,"Found in OSM, Low verification score"
103,Eddies Cheesesteak,NaN,False,True,2,False,"Found in OSM, Low verification score"
104,Nuevo,NaN,False,True,2,False,"Found in OSM, Low verification score"
105,Hudson's Restaurant,NaN,False,True,2,False,"Found in OSM, Low verification score"
106,Kepner's Tavern,NaN,False,True,2,False,"Found in OSM, Low verification score"
107,Downtown 140,NaN,False,True,2,False,"Found in OSM, Low verification score"
108,Open Door Coffee Co.,NaN,False,True,2,False,"Found in OSM, Low verification score"
109,The Boulevard Tavern,NaN,False,True,2,False,"Found in OSM, Low verification score"
110,Chestnut Beer Garden,NaN,False,True,2,False,"Found in OSM, Low verification score"
111,Mickey's In the Valley,NaN,False,True,2,False,"Found in OSM, Low verification score"
112,Cal's Restaurant and Pizza,NaN,False,True,2,False,"Found in OSM, Low verification score"
113,Jimmy John's,NaN,False,True,2,False,"Found in OSM, Low verification score"
115,FreshÃ«ns,NaN,False,True,2,False,"Found in OSM, Low verification score"
116,FreshÃ«ns,NaN,False,True,2,False,"Found in OSM, Low verification score"
117,Wendy's,NaN,False,True,2,False,"Found in OSM, Low verification score"
126,Hungry Howie's,NaN,False,True,2,False,"Found in OSM, Low verification score"
127,Little Caesars,NaN,False,True,2,False,"Found in OSM, Low verification score"
128,Evergreen Buffet,NaN,False,True,2,False,"Found in OSM, Low verification score"
129,East of Chicago Pizza,NaN,False,True,2,False,"Found in OSM, Low verification score"
130,Wild Papaya,NaN,False,True,2,False,"Found in OSM, Low verification score"
131,Juice And Smoothie Bar,NaN,False,True,2,False,"Found in OSM, Low verification score"
133,China City,NaN,False,True,2,False,"Found in OSM, Low verification score"
135,Venice Cafe,NaN,False,True,2,False,"Found in OSM, Low verification score"
136,Erie Street Kitchen,NaN,False,True,2,False,"Found in OSM, Low verification score"
137,The Sideline,NaN,False,True,2,False,"Found in OSM, Low verification score"
138,The Sideline,NaN,False,True,2,False,"Found in OSM, Low verification score"
148,Firehouse,NaN,False,True,2,False,"Found in OSM, Low verification score"
151,Cellar Door Coffee Company,NaN,False,True,2,False,"Found in OSM, Low verification score"
152,Sean's Pub,NaN,False,True,2,False,"Found in OSM, Low verification score"
154,Silver Crik Saloon,NaN,False,True,2,False,"Found in OSM, Low verification score"
155,Lucky Dragon,NaN,False,True,2,False,"Found in OSM, Low verification score"
156,Fresh Start Diner,NaN,False,True,2,False,"Found in OSM, Low verification score"
158,Italian Garden,NaN,False,True,2,False,"Found in OSM, Low verification score"
167,Cinnabon,NaN,False,True,2,False,"Found in OSM, Low verification score"
170,LongHorn Steakhouse,NaN,False,True,2,False,"Found in OSM, Low verification score"
171,Strickland,NaN,False,True,2,False,"Found in OSM, Low verification score"
179,Buffalo Wild Wings,NaN,False,True,2,False,"Found in OSM, Low verification score"
181,East of Chicago Pizza,NaN,False,True,2,False,"Found in OSM, Low verification score"
182,Bob's Pizza,NaN,False,True,2,False,"Found in OSM, Low verification score"
188,Johnny J's Pub,NaN,False,True,2,False,"Found in OSM, Low verification score"
189,Dav's Creamery,NaN,False,True,2,False,"Found in OSM, Low verification score"
191,Heggy's,NaN,False,True,2,False,"Found in OSM, Low verification score"
196,Beef 'O' Brady's,NaN,False,True,2,False,"Found in OSM, Low verification score"
197,Golden Place,NaN,False,True,2,False,"Found in OSM, Low verification score"
199,Pavonas Pizza,NaN,False,True,2,False,"Found in OSM, Low verification score"
200,Caporalettis pizza,NaN,False,True,2,False,"Found in OSM, Low verification score"
202,Fred's Dinner,NaN,False,True,2,False,"Found in OSM, Low verification score"
205,Union Market,NaN,False,True,2,False,"Found in OSM, Low verification score"
208,Auntie Anne's,NaN,False,True,2,False,"Found in OSM, Low verification score"
210,Penn Station,NaN,False,True,2,False,"Found in OSM, Low verification score"
211,Panda,NaN,False,True,2,False,"Found in OSM, Low verification score"
212,Pulp,NaN,False,True,2,False,"Found in OSM, Low verification score"
213,Bubbles & Puffles,NaN,False,True,2,False,"Found in OSM, Low verification score"
216,The Pub,NaN,False,True,2,False,"Found in OSM, Low verification score"
218,Piada,NaN,False,True,2,False,"Found in OSM, Low verification score"
219,Remarkable Diner,NaN,False,True,2,False,"Found in OSM, Low verification score"
222,China Buffet,NaN,False,True,2,False,"Found in OSM, Low verification score"
341,Handel's Homemade Ice Cream,NaN,False,True,2,False,"Found in OSM, Low verification score"
229,Burger Hut,NaN,False,True,2,False,"Found in OSM, Low verification score"
230,Subway,NaN,False,True,2,False,"Found in OSM, Low verification score"
231,China Dragon,NaN,False,True,2,False,"Found in OSM, Low verification score"
232,Angelo's Pizzeria,NaN,False,True,2,False,"Found in OSM, Low verification score"
235,Old Caralina BBQ,NaN,False,True,2,False,"Found in OSM, Low verification score"
237,Hamburger Station,NaN,False,True,2,False,"Found in OSM, Low verification score"
242,Arnie's,NaN,False,True,2,False,"Found in OSM, Low verification score"
243,Hopping Frog Brewery,NaN,False,True,2,False,"Found in OSM, Low verification score"
244,Mucky Duck Brewery,NaN,False,True,2,False,"Found in OSM, Low verification score"
250,Hungry Howie's,NaN,False,True,2,False,"Found in OSM, Low verification score"
252,Butcher and Sprout,NaN,False,True,2,False,"Found in OSM, Low verification score"
253,Akronym Brewing,NaN,False,True,2,False,"Found in OSM, Low verification score"
255,Great Lakes Brewing Co.,NaN,False,True,2,False,"Found in OSM, Low verification score"
256,Arby's,NaN,False,True,2,False,"Found in OSM, Low verification score"
257,Subway,NaN,False,True,2,False,"Found in OSM, Low verification score"
258,JJ's Sport Bar,NaN,False,True,2,False,"Found in OSM, Low verification score"
259,Buckhead Grill,NaN,False,True,2,False,"Found in OSM, Low verification score"
260,The Eye Opener,NaN,False,True,2,False,"Found in OSM, Low verification score"
262,Wingstop,NaN,False,True,2,False,"Found in OSM, Low verification score"
265,Tres Potrillos,NaN,False,True,2,False,"Found in OSM, Low verification score"
274,Chill,NaN,False,True,2,False,"Found in OSM, Low verification score"
277,The Brick Oven Brew Pub,NaN,False,True,2,False,"Found in OSM, Low verification score"
278,Pizza Pan,NaN,False,True,2,False,"Found in OSM, Low verification score"
279,Los Girasoles,NaN,False,True,2,False,"Found in OSM, Low verification score"
280,Zap Zap Sushi,NaN,False,True,2,False,"Found in OSM, Low verification score"
283,Handel's,NaN,False,True,2,False,"Found in OSM, Low verification score"
288,Munchyâ€™s,NaN,False,True,2,False,"Found in OSM, Low verification score"
290,Jade Dragon,NaN,False,True,2,False,"Found in OSM, Low verification score"
304,Old Carolina,NaN,False,True,2,False,"Found in OSM, Low verification score"
305,sweetFrog,NaN,False,True,2,False,"Found in OSM, Low verification score"
311,Bogo pizza,NaN,False,True,2,False,"Found in OSM, Low verification score"
312,Hot Head Burritos,NaN,False,True,2,False,"Found in OSM, Low verification score"
313,Chinese Food,NaN,False,True,2,False,"Found in OSM, Low verification score"
314,Laundry 101,NaN,False,True,2,False,"Found in OSM, Low verification score"
315,Robeks,NaN,False,True,2,False,"Found in OSM, Low verification score"
316,The Shak,NaN,False,True,2,False,"Found in OSM, Low verification score"
317,New York style pizza,NaN,False,True,2,False,"Found in OSM, Low verification score"
323,italiano's,NaN,False,True,2,False,"Found in OSM, Low verification score"
327,Marco's Pizza,NaN,False,True,2,False,"Found in OSM, Low verification score"
332,The Blue Door Cafe & Bakery,NaN,False,True,2,False,"Found in OSM, Low verification score"
337,Imperial Woc,NaN,False,True,2,False,"Found in OSM, Low verification score"
340,New Baltimore,NaN,False,True,2,False,"Found in OSM, Low verification score"
343,Royal Star Diner,NaN,False,True,2,False,"Found in OSM, Low verification score"
351,The Barrel Room,NaN,False,True,2,False,"Found in OSM, Low verification score"
352,Subway,NaN,False,True,2,False,"Found in OSM, Low verification score"
353,Doug's classic 57,NaN,False,True,2,False,"Found in OSM, Low verification score"
356,Danny Boys,NaN,False,True,2,False,"Found in OSM, Low verification score"
358,R. Shea Brewing,NaN,False,True,2,False,"Found in OSM, Low verification score"
366,Romeo's Pizza,NaN,False,True,2,False,"Found in OSM, Low verification score"
367,750 ml Wines,NaN,False,True,2,False,"Found in OSM, Low verification score"
368,West Side Bakery,NaN,False,True,2,False,"Found in OSM, Low verification score"
370,A Walk in the Park Cafe,NaN,False,True,2,False,"Found in OSM, Low verification score"
371,Park Place Pub,NaN,False,True,2,False,"Found in OSM, Low verification score"
372,Gourmet Kitchen,NaN,False,True,2,False,"Found in OSM, Low verification score"
374,Jimmy Bigg's,NaN,False,True,2,False,"Found in OSM, Low verification score"
376,Alexander Pierce,NaN,False,True,2,False,"Found in OSM, Low verification score"
377,The Rabbit Hole,NaN,False,True,2,False,"Found in OSM, Low verification score"
378,First Watch,NaN,False,True,2,False,"Found in OSM, Low verification score"
379,Ray's Pub,NaN,False,True,2,False,"Found in OSM, Low verification score"
380,Lil' Bit Cafe,NaN,False,True,2,False,"Found in OSM, Low verification score"
381,KC's Dugout,NaN,False,True,2,False,"Found in OSM, Low verification score"
382,Luigi's,NaN,False,True,2,False,"Found in OSM, Low verification score"
383,Main Street Saloon,NaN,False,True,2,False,"Found in OSM, Low verification score"
384,Hiachi xpress,NaN,False,True,2,False,"Found in OSM, Low verification score"
385,IDO Bar & Grill,NaN,False,True,2,False,"Found in OSM, Low verification score"
386,Klein Seafood,NaN,False,True,2,False,"Found in OSM, Low verification score"
387,North Side Saloon,NaN,False,True,2,False,"Found in OSM, Low verification score"
388,Farmer Boy,NaN,False,True,2,False,"Found in OSM, Low verification score"
389,Rasiccis Pizza & Chicken,NaN,False,True,2,False,"Found in OSM, Low verification score"
392,Hungry Howie's,NaN,False,True,2,False,"Found in OSM, Low verification score"
393,Sam's Tavern,NaN,False,True,2,False,"Found in OSM, Low verification score"
394,Mariachi Coco's,NaN,False,True,2,False,"Found in OSM, Low verification score"
400,Rally's,NaN,False,True,2,False,"Found in OSM, Low verification score"
402,Italo's,NaN,False,True,2,False,"Found in OSM, Low verification score"
403,Harvey Walllbangers,NaN,False,True,2,False,"Found in OSM, Low verification score"
406,Namaste Cuisine,NaN,False,True,2,False,"Found in OSM, Low verification score"
408,The Hill Pub,NaN,False,True,2,False,"Found in OSM, Low verification score"
409,Dontinos,NaN,False,True,2,False,"Found in OSM, Low verification score"
413,Manny's Pub,NaN,False,True,2,False,"Found in OSM, Low verification score"
414,Mr. Hero,NaN,False,True,2,False,"Found in OSM, Low verification score"
415,New Ming Home,http://www.newminghomeellet.com,False,True,2,False,"Website check failed, Found in OSM, Low verification score"
416,Molly Brown's Kitchen,NaN,False,True,2,False,"Found in OSM, Low verification score"
419,Pandora's Cupcakes,NaN,False,True,2,False,"Found in OSM, Low verification score"
420,Wally Waffle,NaN,False,True,2,False,"Found in OSM, Low verification score"
422,China Star,NaN,False,True,2,False,"Found in OSM, Low verification score"
424,LampPost,NaN,False,True,2,False,"Found in OSM, Low verification score"
426,ALa Loma,NaN,False,True,2,False,"Found in OSM, Low verification score"
429,Lee Angelo's,NaN,False,True,2,False,"Found in OSM, Low verification score"
430,Rocco's Pizza,NaN,False,True,2,False,"Found in OSM, Low verification score"
431,East of Chicago Pizza,NaN,False,True,2,False,"Found in OSM, Low verification score"
434,Debouaire's ultra lounge,NaN,False,True,2,False,"Found in OSM, Low verification score"
437,Dairy Queen,NaN,False,True,2,False,"Found in OSM, Low verification score"
438,Bar-B-Q Boss,NaN,False,True,2,False,"Found in OSM, Low verification score"
440,Stevos Tavern,NaN,False,True,2,False,"Found in OSM, Low verification score"
441,WingStreet,NaN,False,True,2,False,"Found in OSM, Low verification score"
442,Artisan Coffee,NaN,False,True,2,False,"Found in OSM, Low verification score"
443,Valley Wings,NaN,False,True,2,False,"Found in OSM, Low verification score"
444,Sports Drink,NaN,False,True,2,False,"Found in OSM, Low verification score"
445,Taqueria Treas Amigos,NaN,False,True,2,False,"Found in OSM, Low verification score"
446,Fire & Ice,NaN,False,True,2,False,"Found in OSM, Low verification score"
448,Oldies & Goodies Family Diner,NaN,False,True,2,False,"Found in OSM, Low verification score"
449,Jack's Happy Landing,NaN,False,True,2,False,"Found in OSM, Low verification score"
452,Menches Brothers,NaN,False,True,2,False,"Found in OSM, Low verification score"
455,Lucky Star,NaN,False,True,2,False,"Found in OSM, Low verification score"
456,"Peace, Love, & Little Donuts",NaN,False,True,2,False,"Found in OSM, Low verification score"
458,EuroGyro,NaN,False,True,2,False,"Found in OSM, Low verification score"
459,Tonix,NaN,False,True,2,False,"Found in OSM, Low verification score"
460,Northside Tavern,NaN,False,True,2,False,"Found in OSM, Low verification score"
464,mr Hero,NaN,False,True,2,False,"Found in OSM, Low verification score"
465,New Ming,NaN,False,True,2,False,"Found in OSM, Low verification score"
468,A-Town,NaN,False,True,2,False,"Found in OSM, Low verification score"
469,ShawarmaBrothers,NaN,False,True,2,False,"Found in OSM, Low verification score"
470,Wing Stop,NaN,False,True,2,False,"Found in OSM, Low verification score"
471,Smoothie King,NaN,False,True,2,False,"Found in OSM, Low verification score"
472,tropical Smoothis Cafe,NaN,False,True,2,False,"Found in OSM, Low verification score"
473,Poke,NaN,False,True,2,False,"Found in OSM, Low verification score"
474,Aladdin's Eatery,NaN,False,True,2,False,"Found in OSM, Low verification score"
475,Poallotta's Pastries,NaN,False,True,2,False,"Found in OSM, Low verification score"
476,East of Chicago Pizza,NaN,False,True,2,False,"Found in OSM, Low verification score"
477,SeoulGarden,NaN,False,True,2,False,"Found in OSM, Low verification score"
478,Molly Brown's,NaN,False,True,2,False,"Found in OSM, Low verification score"
479,Domenic's Pub,NaN,False,True,2,False,"Found in OSM, Low verification score"
480,Lacci's Place,NaN,False,True,2,False,"Found in OSM, Low verification score"
482,Asian Market,NaN,False,True,2,False,"Found in OSM, Low verification score"
483,Chen Garden,NaN,False,True,2,False,"Found in OSM, Low verification score"
484,Everest,NaN,False,True,2,False,"Found in OSM, Low verification score"
486,R's Pub,NaN,False,True,2,False,"Found in OSM, Low verification score"
487,Vine Valley,NaN,False,True,2,False,"Found in OSM, Low verification score"
488,Quarter Up,NaN,False,True,2,False,"Found in OSM, Low verification score"
489,Noisy Oyster,NaN,False,True,2,False,"Found in OSM, Low verification score"
490,Sushi Asia Gourmet,NaN,False,True,2,False,"Found in OSM, Low verification score"
524,Roma Pizzeria,NaN,False,True,2,False,"Found in OSM, Low verification score"
525,The Park,NaN,False,True,2,False,"Found in OSM, Low verification score"
528,Aida's Bakery,NaN,False,True,2,False,"Found in OSM, Low verification score"
529,Brimfield Bread Oven,NaN,False,True,2,False,"Found in OSM, Low verification score"
533,Crave,NaN,False,True,2,False,"Found in OSM, Low verification score"
535,Sweet Mary's,NaN,False,True,2,False,"Found in OSM, Low verification score"
536,Hamad's on Main,NaN,False,True,2,False,"Found in OSM, Low verification score"
553,Your Pizza Restaurant,NaN,False,True,2,False,"Found in OSM, Low verification score"
563,Diana Coffee,NaN,False,True,2,False,"Found in OSM, Low verification score"
564,Dominick's,NaN,False,True,2,False,"Found in OSM, Low verification score"
565,Guy's Pizza,NaN,False,True,2,False,"Found in OSM, Low verification score"
566,Water Street Tavern and Cajun Dave's,NaN,False,True,2,False,"Found in OSM, Low verification score"
567,Ray's Place,NaN,False,True,2,False,"Found in OSM, Low verification score"
568,Firefly Hookah Lounge,NaN,False,True,2,False,"Found in OSM, Low verification score"
569,Taco Tonto's,NaN,False,True,2,False,"Found in OSM, Low verification score"
570,The Loft,NaN,False,True,2,False,"Found in OSM, Low verification score"
571,The Zephyr,NaN,False,True,2,False,"Found in OSM, Low verification score"
576,EuroGyro,NaN,False,True,2,False,"Found in OSM, Low verification score"
577,157 Lounge,NaN,False,True,2,False,"Found in OSM, Low verification score"
578,Hanini's Subs,NaN,False,True,2,False,"Found in OSM, Low verification score"
579,Manny's Pub,NaN,False,True,2,False,"Found in OSM, Low verification score"
580,Taste of Bangkok,NaN,False,True,2,False,"Found in OSM, Low verification score"
581,Muggswigz Coffee & Tea,NaN,False,True,2,False,"Found in OSM, Low verification score"
582,Insomnia Cookies,NaN,False,True,2,False,"Found in OSM, Low verification score"
583,69 Taps,NaN,False,True,2,False,"Found in OSM, Low verification score"
584,Perfect Pour Akron,NaN,False,True,2,False,"Found in OSM, Low verification score"
585,DaVinci's Pizza,NaN,False,True,2,False,"Found in OSM, Low verification score"
586,Tear-Ez,NaN,False,True,2,False,"Found in OSM, Low verification score"
587,Clouds Hookah Lounge,NaN,False,True,2,False,"Found in OSM, Low verification score"
588,Cilantro Thai & Sushi,NaN,False,True,2,False,"Found in OSM, Low verification score"
589,Boiling House Seafood & Sushi,NaN,False,True,2,False,"Found in OSM, Low verification score"
595,Komodo Kingdom Cafe,NaN,False,True,2,False,"Found in OSM, Low verification score"
596,The Daily Pressed,NaN,False,True,2,False,"Found in OSM, Low verification score"
597,Twisted Tomato Pizzeria & Beer Wall,NaN,False,True,2,False,"Found in OSM, Low verification score"
599,Papa Roni's,NaN,False,True,2,False,"Found in OSM, Low verification score"
602,Altieri's Pizza,NaN,False,True,2,False,"Found in OSM, Low verification score"
603,The Watson Speakeasy,NaN,False,True,2,False,"Found in OSM, Low verification score"
604,Square Scullery,NaN,False,True,2,False,"Found in OSM, Low verification score"
614,Mickey's Irish Pub,NaN,False,True,2,False,"Found in OSM, Low verification score"
615,Pavona's Pizza Joint,NaN,False,True,2,False,"Found in OSM, Low verification score"
616,Flury's,NaN,False,True,2,False,"Found in OSM, Low verification score"
617,Leo's Italian Social,NaN,False,True,2,False,"Found in OSM, Low verification score"
618,On Tap,NaN,False,True,2,False,"Found in OSM, Low verification score"
619,Vinifera,NaN,False,True,2,False,"Found in OSM, Low verification score"
631,Square Scullery,NaN,False,True,2,False,"Found in OSM, Low verification score"
632,Piada Italian Street Food,NaN,False,True,2,False,"Found in OSM, Low verification score"
633,Los Girasoles Mexican Grill & Bar,NaN,False,True,2,False,"Found in OSM, Low verification score"
634,Amigos Authentic Mexican Taqueria,NaN,False,True,2,False,"Found in OSM, Low verification score"
635,Hunan of Stow,NaN,False,True,2,False,"Found in OSM, Low verification score"
636,Buffalo Wild Wings,NaN,False,True,2,False,"Found in OSM, Low verification score"
637,Scooter's Coffee,NaN,False,True,2,False,"Found in OSM, Low verification score"
651,Chipotle,NaN,False,True,2,False,"Found in OSM, Low verification score"
652,Domino's,NaN,False,True,2,False,"Found in OSM, Low verification score"
653,Belleria,NaN,False,True,2,False,"Found in OSM, Low verification score"
654,Otani Restaurant and Pub,NaN,False,True,2,False,"Found in OSM, Low verification score"
655,Papa John's,NaN,False,True,2,False,"Found in OSM, Low verification score"
656,Blu Basil,NaN,False,True,2,False,"Found in OSM, Low verification score"
657,Subway,NaN,False,True,2,False,"Found in OSM, Low verification score"
658,Johnny's Diner,NaN,False,True,2,False,"Found in OSM, Low verification score"
659,Hideaway,NaN,False,True,2,False,"Found in OSM, Low verification score"
660,Cafe Express,NaN,False,True,2,False,"Found in OSM, Low verification score"
664,Biggby Coffee,NaN,False,True,2,False,"Found in OSM, Low verification score"
665,Vacancy Lounge,NaN,False,False,0,False,"OSM check failed, Low verification score"
666,Cashmere Cricket,NaN,False,True,2,False,"Found in OSM, Low verification score"
667,Mr. Hero,NaN,False,True,2,False,"Found in OSM, Low verification score"
668,Spicy Sombreros,NaN,False,True,2,False,"Found in OSM, Low verification score"
672,Mark & Philly's Pizzeria,NaN,False,True,2,False,"Found in OSM, Low verification score"
673,Silver Bullet Saloon,NaN,False,True,2,False,"Found in OSM, Low verification score"
688,Cantina Jalisco,NaN,False,True,2,False,"Found in OSM, Low verification score"
689,Balkan Bakery,NaN,False,True,2,False,"Found in OSM, Low verification score"
690,United States Pierogi Service,NaN,False,True,2,False,"Found in OSM, Low verification score"
691,Chill & Indulge Ice Cream And Chocolate Emporium,NaN,False,True,2,False,"Found in OSM, Low verification score"
693,Evelynâ€™s Coffee And Banh Mi,NaN,False,True,2,False,"Found in OSM, Low verification score"
694,Stray Dog Cafe,NaN,False,True,2,False,"Found in OSM, Low verification score"
48,DI Dining Facility,https://www.kent.edu/dining/design-innovation-dining,True,True,5,True,"Website active, Found in OSM, Verification score high (>=5)"
59,Laziza,http://www.yourlaziza.com/,True,True,5,True,"Website active, Found in OSM, Verification score high (>=5)"
84,Panini's,https://paninisgrill.com/,True,True,5,True,"Website active, Found in OSM, Verification score high (>=5)"
114,Jimmy John's,https://locations.jimmyjohns.com/oh/mantua/sandwiches-4299.html,True,True,5,True,"Website active, Found in OSM, Verification score high (>=5)"
125,Hartville Kitchen,https://www.hartvillekitchen.com/,True,True,5,True,"Website active, Found in OSM, Verification score high (>=5)"
159,Jersey Mike's Subs,https://www.jerseymikes.com/2061/hudson-oh,True,True,5,True,"Website active, Found in OSM, Verification score high (>=5)"
165,Arby's,https://www.arbys.com/locations/us/oh/akron/292-e-exchange-street/store-8088/,True,True,5,True,"Website active, Found in OSM, Verification score high (>=5)"
175,Don Poncho's,https://www.donpanchostexmexgrill.com/,True,True,5,True,"Website active, Found in OSM, Verification score high (>=5)"
177,Rey's Bar & Grill,https://www.reys62.com/,True,True,5,True,"Website active, Found in OSM, Verification score high (>=5)"
198,Jersey Mike's Subs,https://www.jerseymikes.com/2069/alliance-oh,True,True,5,True,"Website active, Found in OSM, Verification score high (>=5)"
204,Starbucks,https://www.starbucks.com/store-locator/store/8933/university-of-akron-student-un-303-carroll-st-akron-oh-443250016-us,True,True,5,True,"Website active, Found in OSM, Verification score high (>=5)"
220,Little Caesars,https://littlecaesars.com/en-us/store/11196/,True,True,5,True,"Website active, Found in OSM, Verification score high (>=5)"
284,Molly's Cafe,https://www.stanhywet.org/shop-dine,True,True,5,True,"Website active, Found in OSM, Verification score high (>=5)"
310,Arby's,https://www.arbys.com/locations/us/oh/alliance/130-w-state-st/store-8148/,True,True,5,True,"Website active, Found in OSM, Verification score high (>=5)"
318,sunrise kitchen,http://sunrisekitchenonline.com,True,True,5,True,"Website active, Found in OSM, Verification score high (>=5)"
321,Chilling Station,https://chillingstation.net/,True,True,5,True,"Website active, Found in OSM, Verification score high (>=5)"
322,Jake's Eats,JakesEats.com,True,True,5,True,"Website active, Found in OSM, Verification score high (>=5)"
350,Restoration 44 Coffee Company,https://www.r44coffee.com/,True,True,5,True,"Website active, Found in OSM, Verification score high (>=5)"
447,Dilly's,https://www.doubledilly.com/,True,True,5,True,"Website active, Found in OSM, Verification score high (>=5)"
485,Little Caesars,https://littlecaesars.com/en-us/store/8461/,True,True,5,True,"Website active, Found in OSM, Verification score high (>=5)"
610,Clean Eatz,https://locations.cleaneatz.com/oh/cuyahogafalls/meal-prep-28.html,True,True,5,True,"Website active, Found in OSM, Verification score high (>=5)"
613,Bann Thai,https://www.bann-thai.com/,True,True,5,True,"Website active, Found in OSM, Verification score high (>=5)"
663,Poke & Roll,http://eatpokenroll.com,True,True,5,True,"Website active, Found in OSM, Verification score high (>=5)"
